comment,date,score,upvote_ratio,ticker,sentiment,conviction_level,emotional_intensity,fear_vs_greed,certainty_of_forecast,time_horizon,argument_logic,tone_profile,company_fundamentals,technical_chart,suggested_action_aggression,price0,ret_7d,ret_14d,ret_30d
"I wanted to buy Nvidia because they made gpus that made my games look pretty. Then, a data scientist I worked with told me that I should definitely buy for much more than that - the future of large data computation. So I did. Thanks buddy.

Edit: sometimes you get lucky by simply listening to people who are not just smart, but also extremely passionate about their research/career. They tend to think very ahead because of the nature of their work",1779501835,391,0.82,NVDA,2,3,1,1,2,2,2,0,2,0,1,215.07933044433594,-0.019458492921007993,-0.04639834204525308,-0.020407948982646088
That’s a funny coincidence. I also bought nvidia because I was like wow they’re great at gpus. Ended up awith around 240 shares but a much higher cost basis than yours ($25 ea).,1779583415,7,0.82,NVDA,2,1,1,1,0,-1,0,0,0,0,0,215.07933044433594,-0.019458492921007993,-0.04639834204525308,-0.029892861087902265
My mate who works for a sales company in this ballpark area told me he didn't think of Nvidia in about 2020 when I was considering buying... thanks buddy.,1779542865,2,0.82,NVDA,1,1,1,0,0,-1,0,0,0,0,0,215.07933044433594,-0.019458492921007993,-0.04639834204525308,-0.029892861087902265
I sold my PLTR once I realized how terrible they are (didn't do great dd before buying in). Knew how well they would do during this admin and couldn't be a part of it.,1779509500,20,0.82,PLTR,-2,3,1,-1,2,1,1,0,-1,-1,0,136.8800048828125,0.1436293666131286,-0.009862697657495045,-0.06144070252853554
"I bought RKLB in the $3’s originally. I liked the company, and they had already had some success at that point. I knew looking forward that space was only going to get bigger, and SpaceX was private, so I dived in. I also got micron at $69 back in 2020 alongside Nvidia, but like a dummy I sold the micron. Hopped back in at $300.",1779502087,90,0.82,RKLB,2,2,1,1,2,3,2,0,1,0,0,135.75999450683594,0.056865067273661384,-0.18915729018012137,-0.2100765895481112
"My mate from NZ is from the same town as Sir Peter Beck. We were discussing our investments and he said he was invested in RKLB mostly as an emotional/sentimental investment. 

I thought the investment was stupid and started doing some research to confirm my suspicions. But the more I researched, the more bullish I became, until I bought myself. 

My average buy price is $7.25. All I have ever sold is my initial investment value, and did that at +1350% 😎",1779503612,31,0.82,RKLB,2,2,2,1,0,-1,0,0,0,0,0,135.75999450683594,0.056865067273661384,-0.18915729018012137,-0.2100765895481112
What was Meta price at IPO?,1779504095,10,0.82,META,0,0,0,0,0,-1,0,0,0,0,0,609.6949462890625,0.03645982347809774,-0.028283026880317846,-0.05326430173580738
I bought Facebook after it tanked after the initial IPO. Bought 4k at under $20. Wish I had bought more.,1779539002,6,0.82,META,2,3,1,1,0,-1,0,0,0,0,0,609.6949462890625,0.03645982347809774,-0.028283026880317846,-0.07519329294454975
This lol. I remember RKLB being dumped 3 years ago when I bought it.,1779504210,18,0.82,RKLB,-1,2,1,-1,0,-1,0,2,0,0,0,135.75999450683594,0.056865067273661384,-0.18915729018012137,-0.2100765895481112
"I bought TSLA after buying my first Model 3 in 2018. It was the best car I’d ever driven and the utility of Autopilot was incredible, and the promise of FSD was only better.

Everyone hated TSLA and said it was going to go bankrupt. I disagreed completely with all the hate and FUD online, nobody had a Tesla back then in the first place so they were just talking out of their ass. Funny thing is it used to be conservatives hating the guts out of Tesla, now it’s a total 180.

I made 10x on an initial sum of $200k invested over the course of 3 years. Now I have 3 Teslas and 2 businesses. I held another $200k after I sold the majority of my stocks and it still returned a few hundred thousand before I sold all of my stake in 2025.",1779502181,61,0.82,TSLA,3,4,3,2,1,2,2,0,1,0,0,426.010009765625,0.02295720418559524,-0.08218119049570272,-0.05990474154654294
I bought a Tesla with my T$LA.. sort of... I took profit and used gains to (partially) pay for an EV but I still have a large position. I did what you did in reverse.,1779508376,9,0.82,TSLA,2,2,1,1,0,-1,0,0,0,0,0,426.010009765625,0.02295720418559524,-0.08218119049570272,-0.05990474154654294
I purchased a BMW M2 with my $TSLA gains. I appreciate you Tesla drivers.,1779519534,6,0.82,TSLA,1,3,2,1,0,-1,0,2,0,0,0,426.010009765625,0.02295720418559524,-0.08218119049570272,-0.04920077343766566
"I bought a little before the model 3 release. My main reason was I was really into aerospace, and I was witnessing Space X do a paradigm shift in the industry and no one really understood what was going on. I believed Elon could do it with Tesla too. Model 3 was make or break for them, and luckily for my investments, it made them extremely profitable.

Unfortunately I don’t trust Elon’s judgement anymore, and have divested myself completely of the stock (at significant profits).",1779521406,4,0.82,TSLA,-2,3,1,-1,2,1,2,0,0,0,0,426.010009765625,0.02295720418559524,-0.08218119049570272,-0.04920077343766566
"I believed in Google when I bought it. That was 2004. I loved the product and thought it was innovative. For some weird reason I knew it would become a success. Can't sell it now..... capital gains are probably worth paying, but Google has been the best investment of my life. It just keeps going. Everytime I chicken out of selling it I end up being thankful",1779503845,24,0.82,GOOGL,2,3,1,1,2,3,2,0,1,0,0,382.74139404296875,-0.006867426746198871,-0.037705345460373296,-0.03843690672773243
I bought Google LAST YEAR at 178 thinking it was way underpriced and it's been an incredibly good decision,1779515530,10,0.82,GOOGL,2,3,2,1,2,3,2,0,1,1,0,382.74139404296875,-0.006867426746198871,-0.037705345460373296,-0.03843690672773243
"I'm on this boat with nvda, I can take out 2k a month comfortably and it would only be 4 percent of my total investment but I feel that there's so much growth in the tech sector coming up that I can't do it lol",1779564241,2,0.82,NVDA,2,3,1,1,2,1,2,0,1,1,2,215.07933044433594,-0.019458492921007993,-0.04639834204525308,-0.029892861087902265
I bought Intel last year when Lip-Bu Tan became the CEO.  He took CDNS from $3 to over $300 before he left.  Completely changed the culture of the company.,1779507376,8,0.82,INTC,2,2,1,1,0,-1,1,0,1,0,0,119.83999633789062,-0.0430573780907516,-0.17247996328926737,0.11807417880235309
"Also bought NVDA because GPUs for gaming / crypto. The space stocks, because space is cool. If i ever held it was because it was less volatile than 2017 crypto so why not. Playing with positions a relatively small percent of your yearly income helps. Also everyone is a genius in a bull market and boy has it been for a few years now.",1779502403,17,0.82,NVDA,2,1,1,1,0,-1,1,0,0,0,2,215.07933044433594,-0.019458492921007993,-0.04639834204525308,-0.020407948982646088
"Not always my friend.  I bought AMR  x10’years and sold at a loss, LOL.",1779507209,7,0.82,AMR,-2,2,1,-1,0,3,0,0,-1,-1,0,175.3000030517578,0.1350256574836264,0.15447804540573362,0.05972618960886058
I bought some NVDA like 5 years ago just because I knew the company from video games. Wish I put more than just $2K into it but I'm a loser who only invests in index funds and that was my one single stock/gamble experience.,1779503494,9,0.82,NVDA,1,1,2,0,0,-1,0,0,0,0,0,215.07933044433594,-0.019458492921007993,-0.04639834204525308,-0.020407948982646088
I bought Netflix right after they stopped their physical mail service. The stock dived. In hindsight it seems obvious but at the time people couldn't believe Netflix wasn't going to mail DVDs.,1779504625,6,0.82,NFLX,-2,1,0,-1,1,-1,1,0,-1,-1,0,88.5999984741211,-0.029119659994218536,-0.0724604771953863,-0.12663658480739523
Tried to talk my parents into putting 5k into nflx when it was like 30-50 bucks when they tried to split into 2 companies... they said no. I still yell at my dad.,1779507836,4,0.82,NFLX,2,1,3,1,0,-1,0,0,0,0,0,88.5999984741211,-0.029119659994218536,-0.0724604771953863,-0.12663658480739523
I run Deutsch–Jozsa algorithm on IBM quantum cloud in 2024. It took 4 seconds to calculate the outcome. Then I estimated how long will it take if I calculate it 'traditionally' on my laptop - 103.8 sextillion years (sextillion is 1 and 21 zeroes). Then I bought IONQ stocks and I'm not going to sell them despite having a significant unrealized gains already. It is just a beginning.,1779503702,8,0.82,IONQ,2,3,1,1,2,2,2,0,1,0,0,63.63999938964844,0.13246386527381063,-0.10779385097648818,-0.11140792301360607
Rklb. Simply believed in the space play. Out of Rklb due to the run up. But still believe in space and the future,1779504155,6,0.82,RKLB,0,2,1,0,1,3,2,0,0,0,0,135.75999450683594,0.056865067273661384,-0.18915729018012137,-0.2100765895481112
Lunr for me,1779515096,4,0.82,LUNR,0,1,0,0,0,-1,0,0,0,0,0,38.2599983215332,0.1455829522707171,-0.23261887353958954,-0.40277048134083526
Did you sell out of LUNR? I keep thinking to sell and it just keeps going up.,1779531137,2,0.82,LUNR,1,2,1,-1,0,-1,0,0,0,1,0,38.2599983215332,0.1455829522707171,-0.23261887353958954,-0.4252482818656602
"I bought MSFT in 2011 (had to look it up on Fidelity) and still hold. Cost basis is $24/share. Why did I buy? I was dividend and value shopping at the time. Pre Azure and everyone publicly hated them and wanted to get off the Office+Exchange apparently. The dividend was around 4%ish. I bought because even with all the controversy, they were generating incredible free cash flow making the dividend play a safe bet. My gains are 1200%. I wish I bought more than 300 shares.",1779504427,3,0.82,MSFT,2,3,1,1,0,-1,3,0,2,0,0,418.57000732421875,0.07566233212124322,-0.004539249977872077,-0.09358055460814182
"I bought Intel in Q3 2023 for a total book cost of CAD3.8k because i grew up always seeing the ""Intel Inside"" commercial on TV and on PC /Laptop cases which i thought was kind of cool.   
  
I had no idea the company was in deep financial trouble but i did know their CPUs were getting worse.   
Then Intel share price went bonkers which I don't remember how exactly low it went in my portfolio but it was thousands of dollars in the red. It was frustrating to see that but i remembered the saying of 'you have not lost or gained any money until you sold it' and I didn't need the money and with just this one simple reason, i ignored the reds for months by being patient until....  
  
 Lip Bu Tan got hired → Government of America invested in the company → The recent AI CPU news.   
  
 It's now my 2nd biggest (200%) in terms of % return next to my AMD stock (253%) in my portfolio. 

In my finite years of investing experience, just be patient if you don't need the money and hold it.   
If it's in the red, it is a lesson for you,   
if it turns green some time later, good for you for being patient.",1779506904,3,0.82,INTC,2,3,1,1,1,2,2,0,1,1,0,119.83999633789062,-0.0430573780907516,-0.17247996328926737,0.11807417880235309
"sofi - used and loved their products, and got a bunch of free stuff (and expensive dinners and cocktail events) as a member. i like to invest in products im happy to use",1779508862,3,0.82,SOFI,1,2,1,1,0,-1,0,0,0,0,0,15.619999885559082,0.1664532296315282,0.026248450966089795,0.1466069128444851
"Bought MU at $95. Sold half at $670, still holding the rest. It was just the thesis that memory must be more important in the AI build up. Didn't expect it to become the hottest stock on the market.

Lunr at $8, still holding. I liked their vision and the management.

Lam research @$75, still holding. Important for advanced semiconductor fabrication 

Ampx @$3, still holding. Great and unique battery technology. Wish I had put more money in.",1779518066,3,0.82,MU,2,2,1,1,0,-1,2,0,1,0,0,751.0,0.2929427430093209,0.1504793738556924,0.6130226429864347
I bought $sivef at 80 cents because serenity pumped it. Didn't buy anywhere near enough...,1779504613,2,0.82,SIVEF,-1,2,1,-1,0,-1,0,0,0,0,2,7.420000076293945,-0.012129400493597144,0.047169797982991694,0.3638813721702414
"A very good friend of mine told me to buy Tesla in summer of 2013, so I sunk about $1500 in and promptly forgot about it.

Then I sold it for about 15k summer of 2020 cuz I thought that shit was unhinged, and so did he.

We had no clue how unhinged it could get.",1779508326,2,0.82,TSLA,2,2,1,0,0,-1,0,0,0,0,0,426.010009765625,0.02295720418559524,-0.08218119049570272,-0.05990474154654294
I thought nvdas logo looked cool,1779510016,2,0.82,NVDA,0,1,1,0,0,-1,0,0,0,0,0,215.07933044433594,-0.019458492921007993,-0.04639834204525308,-0.020407948982646088
Been am apple fan bot since before Steve Jobs came back. I was gifted 5 shares in 1998.,1779511220,2,0.82,AAPL,2,3,1,1,0,-1,0,0,0,0,0,308.82000732421875,0.01049151660362942,-0.004792471184596262,-0.035004200836135375
"The thesis. Bought ASTS at initial IPO at 10, carried a 70% drawdown, now up nicely. Was tempting to take the L and just be done with it at the lows, but my investing thesis hadn't changed, just the overall financial outlook of the economy at the time. Now here we are today, on the cusp of commercial launch of their service.",1779511465,2,0.82,ASTS,2,3,1,1,2,1,2,0,1,1,0,105.86000061035156,0.07132064054626061,-0.115813357883465,-0.23805022485308766
I was getting absolutely shit on everytime i brought up Intel last year. Seemed so obvious knowing how hard it is to build out cpu manufacturing that a company with the infrastructure in place would be invaluable during times of increasing demand. On top of that our president is obsessed with American production and Intel is the main American chip manufacturer. Never had a vision that clear before,1779513222,2,0.82,INTC,2,3,1,1,2,2,2,0,1,0,2,119.83999633789062,-0.0430573780907516,-0.17247996328926737,0.11807417880235309
"Bought AMD at around $4/share. I had really no idea what I was doing but thought they were too big to fail and held for years. I thought I made out like a bandit when I sold at $2X/share 😂. Kind of did, don't regret it, not touching it at this price now. Did this in my early 20s, then was poor enough for 10 years that I was buying used tires off marketplace and driving a car that burned almost a quart of oil per 1000 miles due to life circumstances but luckily never had to sell my shares. 

I also took hard losses cause I thought I was so smart but came out ahead on the dumb AMD trade that I had most my eggs in the basket on. It's important to understand that you can win big being stupid and lose big doing something relatively smart but knowing you're a small fish in a rigged game is most important.",1779516762,2,0.82,AMD,2,3,1,1,0,3,1,0,0,0,0,467.510009765625,0.1039335304171817,-0.002417070991440378,0.17993196586177707
"Lol, I bought all my AMZN last century, when it was a way different beast to what it is now! I bought it because I liked buying books (I know, I know, it was a different era, one learned stuff from books back then) but didn’t like traipsing around all the bookshops looking for the textbooks I wanted/needed and thought it was good use of an emerging thing called the Internet. Somewhere along the way I sold off enough to get my original investment back and I’ve held on for the wild ride ever since. And, no, I can’t keep up with all the various fingers they have in all the various pies, forgive me for losing track of the minutiae of, say, a Rivian relationship or little warehouse robots.",1779537589,2,0.82,AMZN,2,3,1,1,0,-1,2,0,1,0,0,266.32000732421875,0.01622111446910393,-0.07618657249517405,-0.12590122077184535
"Micron was a meme in 2018-2019. I was buying calls and selling call spreads and lost a lot of money. I gave up trying to make a quick buck, so I just put $10,000 of my Roth IRA into micron stock, and I ignored it. Luckily it turned into $100,000 by this spring",1779548902,2,0.82,MU,2,3,1,1,1,2,2,0,1,0,0,751.0,0.2929427430093209,0.1504793738556924,0.6130226429864347
"The company i worked for at the time purchased desktop computers with AMD instead of Intel. AMD was $4. There are always signs you just need to make sure you're ready with capital, and never sell everything.",1779579369,2,0.82,AMD,2,1,0,1,1,-1,0,0,0,0,0,467.510009765625,0.1039335304171817,-0.002417070991440378,0.17993196586177707
I got into Amazon about 14 years ago when I first discovered free shipping through prime. It was absolutely unheard of to me that you could shop online and receive free deliveries. I remember telling people Amazon had free deliveries and people didn’t believe me until they investigated themselves. This was a time when we still paid 16.99 to ship something online. I also recall telling my wife you could buy household products like paper towels and plates and she laughed at the notion of buying such products online. Over the next 5-7 years prime blew up and for the past 4 years Ive had an Amazon box delivered every day. Throughout this entire stretch Ive been buying Amazon every week and will continue to do so forever. I will then leave it to my son.,1779676124,2,0.82,AMZN,2,3,1,1,2,4,2,0,1,0,0,266.32000732421875,0.01622111446910393,-0.07618657249517405,-0.12094475003019443
Bought AMD in 2014 because I was working at an IOT startup and was seeing silicon become the key to all future technical advancement. Unfortunately I didn’t buy as much as I could have nor Nvidia until much later around COVID.,1779502483,1,0.82,AMD,2,3,1,1,0,-1,2,0,0,0,0,467.510009765625,0.1039335304171817,-0.002417070991440378,0.14942992426319415
"I bought Meta 3 years ago at Per 9, because it was crazy cheap for a company that owns Instagram, Facebook and WhatsApp.",1779504346,1,0.82,META,2,2,1,1,0,3,2,0,1,0,0,609.6949462890625,0.03645982347809774,-0.028283026880317846,-0.05326430173580738
Told my sister to buy Apple in mid 1990s at $40 a share…I think my basis on NVDA is $12,1779506288,1,0.82,NVDA,2,3,1,1,2,-1,0,0,0,0,0,215.07933044433594,-0.019458492921007993,-0.04639834204525308,-0.020407948982646088
"Bought tsla in '19, not super early but still before it caught on. Invested because I bought one of their cars and instantly realized that this was the way forward. Didn't know they were on the verge of bankruptcy.",1779509372,1,0.82,TSLA,2,3,1,1,0,-1,1,0,0,0,0,426.010009765625,0.02295720418559524,-0.08218119049570272,-0.05990474154654294
"Bought a Nvidia gts250 in 2006 (?) I think. So when I had a low ball offer from them in 2014 I accepted cz they had discounted GPUs for employees. 

I had 3000 shares by 2020",1779509459,1,0.82,NVDA,2,2,1,1,0,-1,0,0,0,0,0,215.07933044433594,-0.019458492921007993,-0.04639834204525308,-0.020407948982646088
"Bought about $20k of Intel when it hit $20. It was getting bad press and everyone was jumping ship, but I just knew it would bounce back. I mean come on, Intel is fucking huge.",1779510949,1,0.82,INTC,2,3,2,1,2,1,2,0,1,0,2,119.83999633789062,-0.0430573780907516,-0.17247996328926737,0.11807417880235309
"Nvidia in 2013. Because of the great graphics cards.

Financially independent today.",1779516227,1,0.82,NVDA,2,2,1,1,0,-1,0,0,0,0,0,215.07933044433594,-0.019458492921007993,-0.04639834204525308,-0.029892861087902265
AMD when it was under $5 because the first PC I built had an AMD k6-2 and had faith that they could turn things around because Intel needed a direct competitor.,1779521450,1,0.82,AMD,1,2,1,0,1,-1,2,0,0,0,0,467.510009765625,0.1039335304171817,-0.002417070991440378,0.17993196586177707
"Apple.  PCs where everywhere, but do complex compared to Macs. That was 1999",1779522045,1,0.82,AAPL,-2,2,0,-1,1,-1,1,0,-1,0,0,308.82000732421875,0.01049151660362942,-0.004792471184596262,-0.03824233300465817
"When I first started my career as a CPA I realized everything I was doing with PCs was in windows. Great DD I know

So in like 2016 I maxed my 401k into MSFT at like $60 a share. Haven’t touched it since then.

I actually never bought more MSFT until very recently. Everybody seems so jaded about it and I’m just thinking the same shit about azure now. You can’t escape it",1779530872,1,0.82,MSFT,2,3,1,1,2,2,2,0,1,0,1,418.57000732421875,0.07566233212124322,-0.004539249977872077,-0.12239293329645103
"I bought Nvidia because every gamer wanted Nvidia, and then when the Crypto coins started taking off I saw, everyone wanted Nvidia. and then AI was starting to happen and everyone wanted Nvidia. so much that an entire country was not allowed to buy the best chips. so I just kept adding to my position. I didn't buy enough to become a millionaire, mind you

And as Nvidia succeeded, I had enough conviction in the industry to buy other names like MU and AMD. Not enough to become a millionaire. But enough that it has allowed me to beat VTI  had I bought that instead, which is what I compare to since that's what I would be buying instead. (nothing against VOO)",1779532150,1,0.82,NVDA,2,3,1,1,2,1,2,0,2,1,0,215.07933044433594,-0.019458492921007993,-0.04639834204525308,-0.029892861087902265
"Amazon around 2012.  As a customer, I’d seen them go from an online book seller to a trusted online marketplace and more, expanding successfully into more and more ventures and I loved every offering. Amazon Prime, Video, and more had launched and done extremely well.

I got talked out of it by my friend in finance because they were “famously unprofitable,” and unfortunately I listened. That was when I learned the hard lesson about needing to be contrarian, and that finding overlooked opportunities was a good thing.",1779543111,1,0.82,AMZN,2,3,1,0,1,2,2,0,2,0,0,266.32000732421875,0.01622111446910393,-0.07618657249517405,-0.12590122077184535
I bought tesla before Elon went nuts. I saw how innovative his cars were when they were in production hell. I took a chance and 10x my money. Now I stay as far away from the loon as possible other than what passively invests from index funds.,1779546085,1,0.82,TSLA,-2,3,2,-1,2,-1,2,0,0,0,0,426.010009765625,0.02295720418559524,-0.08218119049570272,-0.04920077343766566
I bought NLST at .72 because a friend I completely trust told me to. 1 year later it was at 9.79 and I sold. Insane,1779580202,1,0.82,NLST,3,2,2,2,1,3,0,0,0,0,0,2.9000000953674316,0.055172359362228675,0.003448272460139292,-0.044827624195111236
"It might not have been a flashy choice, but I invested in Corning (GLW) back in the 2010s to capitalize on the smartphone revolution, expecting strong long-term returns. Operationally, Corning proved to be a solid company with steady growth, but for years, the stock price completely failed to reflect its underlying business value. In fact, I was seriously considering exiting my position—until the recent boom vindicated the original thesis. The most important thing is conviction on why you bought a stock. Sometimes you might have to wait years before you see good returns.",1779582230,1,0.82,GLW,2,3,1,0,2,3,3,0,1,0,0,193.7530517578125,-0.06499535352580763,-0.08347249129770512,0.08297649986611855
"I thought everything else at the time was overvalued, and that the rising dotcom tide would lift all ships. This new CEO Gil Amelio seemed like he could turn things around. They had a huge cash hoard… so I’ve owned AAPL since 1996 because I was an idiot who didn’t know better.",1779587953,1,0.82,AAPL,0,2,1,0,0,-1,0,0,0,0,0,308.82000732421875,0.01049151660362942,-0.004792471184596262,-0.03824233300465817
IBM in the 50s 1999,1779607648,1,0.82,IBM,0,0,0,0,0,-1,0,0,0,0,0,253.83999633789062,0.173179924713528,0.12212417446908322,0.043728357483665506
"Not stocks but crypto. BTC and ETH, multiple times throughout the years. Could’ve had millions.",1779623176,1,0.82,BTC,2,1,1,1,0,-1,0,0,0,0,0,33.529998779296875,-0.031315218469643066,-0.20399637620812025,-0.17804949390695096
"I was heavy in Nvda super early and still kick myself in the ass today! Sold all when it shot up like $8 per share made a nice little chunk and moved on. Forgot about it for a while and wanted to puke after reading sone news on it yearcor 2 later. Still want to puke, because I could retire off of it today!",1779631870,1,0.82,NVDA,3,4,3,2,1,0,1,1,0,0,3,215.07933044433594,-0.019458492921007993,-0.04639834204525308,-0.06992460468950275
"I bought Apple at $8 and $12, shortly after MSFT invested in the company, while it was struggling and survival wasn't a sure thing.",1779632465,1,0.82,AAPL,2,3,2,1,0,-1,2,0,1,0,0,308.82000732421875,0.01049151660362942,-0.004792471184596262,-0.04701774233172
"NVDA makes GPUs. I spent my first few paychecks on them back. 2014. Then they became part of my DCA plan since they never went down really. Then I got in on GME, moved all my gains to nvidia and retired at 31.",1779634353,1,0.82,NVDA,2,3,2,1,0,-1,2,0,1,1,0,215.07933044433594,-0.019458492921007993,-0.04639834204525308,-0.06992460468950275
bought apple when split last just because i believed cook was trying to let folks in .. bought at 115 now at over 300,1779751640,1,0.82,AAPL,2,2,1,1,0,-1,0,0,0,0,0,308.82000732421875,-0.00812774336537669,-0.02357359823404794,-0.05096826753011587
"I know I am going to catch some heat for this because anytime you mention God, or the Lord, people get all defensive, BUT!

I was looking for an investment to throw some money into, and heard from many people in my community that ZNOG will provide very good returns, mainly due to conflict going on in the middle east and how countries will be needing capital for funding new resources.

Well, I decided to invest back in 2024 (.11), some have invested back in 2000. Since then my $2300 exploded over 483%.

Some people think it could just be a ""lucky"" pick, however, given the current geopolitical events going on it makes sense that people would park their money in companies that harbor resources overseas.

By the way ZNOG is not a company in Israel, its a company in Texas that drills for resources in Israel.

Okay, now you can get angry at God and the Lord claiming there's no evidence and blah blah blah.",1779790398,1,0.82,ZNOG,2,3,1,1,2,1,2,0,0,0,2,0.5400000214576721,-0.055555610745039265,0.09259250061011974,-0.07407411086706321
"For me it was NVDA in like 2016 and SHOP around 2017.  

I didn’t “know,” I just had a clear thesis: insane revenue growth, giant TAM, and they were winning their niche even if sentiment sucked and valuation looked rich. I sized them small enough that I could sit through 30 to 50 percent drawdowns without panicking, and I told myself I would only sell if the actual business metrics broke, not the stock price.  

If you can’t point to 2 or 3 specific business reasons you’d buy more after a drop, it is probably not conviction, it is gambling.",1779798023,1,0.82,NVDA,2,3,1,0,2,2,3,0,2,0,0,214.60987854003906,0.0370473597217653,-0.02991416864082087,-0.0879263954448141
I’ve been adding Dfus too in every IRA where rotations aren’t taxable events.,1777930896,6,0.76,DFUS,2,1,0,1,1,-1,0,0,0,0,2,78.02954864501953,0.02799797682500563,0.025057470118031906,0.05241618935009366
Dfus is my U.S. core holding right now in ira I am adding Dfus to taxable also but don’t think gojng to sell vti due to tax hopefully wont matter that much in long run.,1777931455,7,0.76,DFUS,2,3,1,1,2,3,2,0,0,0,1,78.02954864501953,0.02799797682500563,0.025057470118031906,0.05241618935009366
"DFUS is their “tax managed” ETF. One of it’s objectives is to minimize Fed taxes. It’s factor tilts is similar to DFAU with light factor tilts, DFAC has more aggressive tilts.",1777934535,3,0.76,DFUS,0,2,0,0,1,-1,2,0,0,0,0,78.02954864501953,0.02799797682500563,0.025057470118031906,0.05241618935009366
He means he doesn't want to realize a taxable event by selling his VTI in his taxable brokerage account to replace it with DFUS.,1777996654,1,0.76,VTI,0,2,0,0,1,-1,3,0,0,0,0,355.9660339355469,0.016247017072184816,0.008599748205956725,0.04591173319947755
"Having talked to mongstradamus before, he also holds AVUV, and the reason he uses DFUS instead of VTI is for the tax-awareness and the exclusion of zombie small cap growth rather than the very minor factor tilt in it.",1778000748,1,0.76,AVUV,2,2,1,0,2,-1,2,0,0,0,1,119.7197494506836,-0.015479380549476873,-0.024800299925305445,0.010735661382647756
After all these years though these no brainer strategies DFUS uses is not even beating its index. It's easy to talk about investing ideas that are surely better historically but applied in real life it never works as well going forward.,1777949691,2,0.76,DFUS,-2,3,1,-1,2,-1,2,0,-1,0,1,78.02954864501953,0.02799797682500563,0.025057470118031906,0.05241618935009366
"It does beat VTI, which is it's most direct comparison.",1777993848,1,0.76,VTI,1,2,0,0,0,-1,2,0,0,0,0,355.9660339355469,0.016247017072184816,0.008599748205956725,0.04591173319947755
DFUS is just the ETF of a mutual fund that is much older. My comparison is between that mutual fund and the index otherwise we would only be going off a few years of performance.,1777994509,1,0.76,DFUS,0,2,1,0,1,-1,2,0,0,0,0,78.67796325683594,0.017497152478773773,0.009762929918492917,0.04830730305557985
"TSLA is \~1.7% of VTI. SpaceX will be even smaller % of it.

There are funds already that do what you’re asking.",1777927292,23,0.76,TSLA,-2,3,0,-1,2,-1,2,0,0,0,0,392.510009765625,0.13372904875908195,0.04453384635767027,0.07946294786222237
"&gt;TSLA is ~1.7% of VTI

That's actually kind of insane when you stop to think about it: $1 from Every $60 invested in VTI is buying Tesla Stock.",1777927639,54,0.76,TSLA,2,3,2,1,0,-1,2,0,0,0,0,392.510009765625,0.13372904875908195,0.04453384635767027,0.07946294786222237
Probably double that for qqq holders,1777928981,21,0.76,QQQ,2,1,0,1,1,1,0,0,0,0,2,672.141357421875,0.06005522519960292,0.049042875807592264,0.10600702991655561
"Everybody’s focusing on the negatives but if you’ve been holding and buying VTI, you’ve also benefited a lot from TSLA’s insane growth over the years

Fair to be concerned about overvaluation but thems the risks",1777930810,17,0.76,VTI,1,2,1,0,1,3,2,0,0,0,0,352.9646911621094,0.02726140799365586,0.02367354787290656,0.04991800498480583
"I already stopped investing in these funds due to TSLA, the SpaceX IPO just makes me more motivated to avoid funds that include Musk-associated companies. I honestly don't even care if they are big money makers, I have no desire to be invested in those.",1777933289,5,0.76,TSLA,-2,3,1,-1,2,-1,2,0,-1,-1,0,392.510009765625,0.13372904875908195,0.04453384635767027,0.07946294786222237
"&gt; TSLA is ~1.7% of VTI. SpaceX will be even smaller % of it.
&gt; 
&gt; There are funds already that do what you’re asking.  

Starting out. Let's not kid ourselves, more and more shares are going to be unlocked and dumped onto secondary markets.",1777934639,8,0.76,TSLA,-2,3,1,-1,2,1,2,0,-1,-1,2,392.510009765625,0.13372904875908195,0.04453384635767027,0.07946294786222237
"They’ll raise the float after 15 days once QQQ start buying. Read this

https://www.msn.com/en-us/money/savingandinvesting/spacex-ipo-could-trigger-massive-etf-demand-from-vanguard-qqq-within-days-tesla-influencer-says/ar-AA22kyzq",1777932414,2,0.76,QQQ,2,2,1,1,2,1,1,0,0,0,2,672.141357421875,0.06005522519960292,0.049042875807592264,0.10600702991655561
"From this link, it seems like 0.5-0.8% of VTI. Even if 50% of it is wiped out, it will be just the noise.",1777933066,1,0.76,VTI,-1,2,1,-1,1,-1,1,0,0,0,0,352.9646911621094,0.02726140799365586,0.02367354787290656,0.04991800498480583
I’m mostly just adding to vt at this point to mitigate the concentration risk the best I can. Any s&amp;P add ons will be Dfus and I’m buying no tech funds.,1777939097,1,0.76,VT,2,2,0,0,1,-1,2,0,0,0,2,150.01805114746094,0.03161535634698909,0.020921961397264308,0.04908344871827863
"Float will be less than 5% for fifteen days and then the insiders will start distributing into the indexes. Vti will be one of the first funds to buy billions worth along with the Qqq’s. 

Have you looked into how all these funds are changing their rules to accommodate Elon? They’re changing all the rules that previously allowed price discovery to happen.",1777943230,1,0.76,VTI,2,3,1,1,2,1,2,0,0,1,2,352.9646911621094,0.02726140799365586,0.02367354787290656,0.04991800498480583
NASDAQ is changing the rules for their ETF and I saw that the S&amp;P committee was considering it not sure if they finalized it. Broad index funds like VTI will not be changing their rules so initial float will be like 0.05% of the index. Indexes buy after the float increases not before. So if all the current investors dump their shares sending price way down the indexes will be buying low not getting dumped on. Also VTI will not immediately buy they wait a few days or weeks or maybe months I'm not sure the current wait but they certainly don't buy at the IPO price.,1777943708,2,0.76,VTI,0,2,1,0,1,1,2,0,0,0,0,352.9646911621094,0.02726140799365586,0.02367354787290656,0.04991800498480583
"Vti doesn’t wait long and the Nasdaq rule changes will be enough to add gas to the fire, space x will be distributed quicker than we think. 

Russell will follow.
No hard answer from Spy yet.

https://global.morningstar.com/en-gb/stocks/spacex-ipo-how-indexes-will-adapt",1777945335,2,0.76,VTI,2,2,1,1,2,1,2,0,0,0,2,352.9646911621094,0.02726140799365586,0.02367354787290656,0.04991800498480583
Within 6-18 months Vti will allocate 3-3.5% of their funds as the Space X float increases. Space X insiders will start dumping on the Mkt on day 15 as these indexes that changed rules start buying. That float % will quickly surpass your 10% and every index will continue buying as supply expands.,1777943757,1,0.76,VTI,2,3,1,1,2,2,2,0,0,0,2,352.9646911621094,0.02726140799365586,0.02367354787290656,0.04991800498480583
"33.3% free float is the key threshold for “full allocation” in QQQ under the new Nasdaq-100 rules.



Their entire plan is to get retail in with the 30% initial allocation until the indexes start fueling the fire 15 days later. These funds will buy space x at ipo prices faster than they ever have in history. None of us know how fast insiders will dump, but several comments up I posted an article explaining how funds will buy tens of billions within weeks. 

Again, have you read up on how these funds changed their rules to allocate more at lesser float percentages?",1777944870,1,0.76,QQQ,2,3,1,1,2,1,2,0,0,0,2,672.141357421875,0.06005522519960292,0.049042875807592264,0.10600702991655561
That link is just some random guy's opinion on stock twits. The real number is that VTI will be allocating 0.1% of the index to SpaceX in the beginning with isn't scary at all.,1777944237,1,0.76,VTI,2,3,1,1,2,1,2,0,0,0,1,352.9646911621094,0.02726140799365586,0.02367354787290656,0.04991800498480583
"As someone else pointed out, DFUS is exactly the kind of thing you are looking for, a fund that seeks the efficiency of total market indexes while utilizing their own discretion in exclusion criteria. It is somewhere in a grey area in between activrly managed funds and indexes. It would be interesting if more managers sought this kind of model",1777934959,5,0.76,DFUS,0,2,1,0,1,-1,2,0,0,0,0,78.02954864501953,0.02799797682500563,0.025057470118031906,0.05241618935009366
Point taken but also DFUS also has exclusion criteria beyond tax optimization that may be attractive separately from an investors interest in factor titlting,1778005192,1,0.76,DFUS,0,2,0,0,1,-1,2,0,0,0,0,78.67796325683594,0.017497152478773773,0.009762929918492917,0.04830730305557985
Beats giving your money to someone who charges higher fees and then underperforms for decades. I'm a fan of VTI because it's the least bad option. What is better?,1777949342,2,0.76,VTI,0,2,1,-1,1,3,2,0,0,0,0,352.9646911621094,0.02726140799365586,0.02367354787290656,0.04991800498480583
"Could always go with something like DGRO. It's kind of a hybrid between a pure growth and a traditional dividend ETF and includes companies with at least 5 years of consecutive dividend growth and a payout ratio of less than 75%. It's overweight in financials and healthcare with a beta of 0.8 and the top 10 holdings represent 27.1% of the total portfolio to VOO's 40%. You're still getting tech exposure with Apple, Broadcom, Microsoft.

If you're saving for something in the near term or looking to diversify your investments across real estate in the next 5 years, it could be a good move. Otherwise, just put your money in VOO. It has more volatility but stronger growth. It is important to remember that if/when the market corrects, a fund like DGRO will still decline. During the 2022 Bear Market, VOO declined by about 18.17%, while DGRO had a loss of 7.91%.",1777938044,1,0.76,DGRO,0,2,0,0,2,1,2,0,0,0,1,72.54229736328125,0.003842972807654478,0.012764264854236273,0.03143013277712945
"Tesla’s latest earnings are kind of a perfect example of how markets think right now

Tesla’s latest earnings are a good example of how markets are reacting less to numbers and more to direction. On paper, the results were strong. Profit was up 136% YoY and earnings came in above expectations at $0.41 per share. In most cases, that would be enough to support the stock. But the reaction was muted, and that mostly comes down to expectations. Revenue came in slightly below forecasts, and at Tesla’s scale, even a small miss can shift sentiment.

At the same time, the bigger story isn’t really the quarter, it’s where Tesla is heading. The company is planning to increase capex to around **$25B**, which signals a much stronger push into AI, robotics, and autonomous systems. That shift is important, because it moves Tesla beyond just being an EV company and into something broader, but it also makes it harder for investors to clearly define what it is today.

That in between positioning creates uncertainty. The market isn’t just looking at current performance, it’s trying to understand how today’s spending will translate into future returns, and that link isn’t fully clear yet. You can see that hesitation in the stock, which is down about **14% this year** despite the strong profit growth.",1776933557,0,0.32,TSLA,-2,2,0,-1,1,2,2,0,0,-1,0,373.7200012207031,0.02116558823791201,0.10186772771023359,0.13991760776550363
"&gt; strong profit growth

🤣🤣🤣

Tesla’s PE is at 358.

You go from 1 cent profits to 2 cents, look our trillion $ company increased our profit by 100%!!!",1776934832,13,0.32,TSLA,-2,3,4,1,2,1,0,2,-1,0,2,373.7200012207031,0.02116558823791201,0.10186772771023359,0.13991760776550363
"You do realize TSLA has been in decline the last three years?

TSLA made way, way more money in 2023 than they will make in 2026.

They are going backwards.",1776955780,3,0.32,TSLA,-2,3,1,-1,2,2,1,0,-1,-1,2,373.7200012207031,0.02116558823791201,0.10186772771023359,0.13991760776550363
"At this point Tesla trades more on expectations about the future stack (AI, autonomy, robotics) than current earnings.",1776936750,2,0.32,TSLA,0,2,1,0,1,3,2,0,0,0,0,373.7200012207031,0.02116558823791201,0.10186772771023359,0.13991760776550363
"Just went through the Tesla Q1 2026 Earnings Call and it honestly feels like a classic case of the market caring more about direction than just numbers. On paper, things looked strong big profit growth and an EPS beat but the slight revenue miss and overall expectations seem to have weighed more on sentiment. What stood out to me was the bigger shift Tesla is making with higher capex into AI, robotics, and autonomy. It’s interesting, but also makes the story a bit harder to pin down right now like it’s no longer just an EV company, but not fully something else yet either. That uncertainty probably explains the muted reaction despite solid earnings. I’ve been trying to follow these calls more closely lately, and honestly Stoky makes it easier to keep up without going through everything in detail.",1776967345,2,0.32,TSLA,0,2,1,0,1,1,2,0,0,0,0,373.7200012207031,0.02116558823791201,0.10186772771023359,0.13991760776550363
Markets have always reacted heavily to directions. note the nifty fifties and the tech bubble. Tesla is as has been a very strong speculative play. More akin to gambling then diligent investing,1776940856,1,0.32,TSLA,-2,2,1,-1,1,-1,2,0,-1,-1,1,373.7200012207031,0.02116558823791201,0.10186772771023359,0.13991760776550363
"atrocious post, 

random numbers to make it look respectable, lmao

where do you think profit came from if they are increasing capex AND not growing revenue? 

  
""where TEsla is heading"" - that's LITERALLY the only thing investors ask Tesla for hte past 5 years and more,  
i'm exhausted with the ""wall street can only look quarter ahead"" narrative. with Tesla they been doing the opposite for ages",1776957672,1,0.32,TSLA,-2,3,2,-1,2,2,2,0,-1,0,1,373.7200012207031,0.02116558823791201,0.10186772771023359,0.13991760776550363
"\&gt; Tesla’s latest earnings are a good example

Tesla is not a good example of anything else in the market.

\&gt; is down about **14% this year** despite the strong profit growth.

It's profit growth might be interesting to talk about if it lost 90%, which would give it a forward PE similar to its peers.",1776959326,1,0.32,TSLA,-2,3,1,-1,2,1,2,0,-1,-1,2,373.7200012207031,0.02116558823791201,0.10186772771023359,0.13991760776550363
"People hate Tesla because they hate Musk, but it’s plain stupid to not invest in Tesla while it’s a profitable company and one of the most innovative in the world.",1777475746,1,0.32,TSLA,2,3,1,1,2,1,2,0,1,0,2,372.79998779296875,0.06955478552150433,0.19439378646371822,0.1689646534723979
"Prices of used Teslas are half what they were, mostly because of a glut of leased vehicles that people did not want to be seen driving anymore. Anyone who still wants a Tesla can get an almost new one for cheap and be really picky. Does not bode well for new tesla sales.",1778594938,1,0.32,TSLA,-2,3,1,-1,2,1,2,0,-1,-1,2,433.45001220703125,-0.06768952827126673,0.000322953343908348,-0.07913258125406156
