comment,date,score,upvote_ratio,ticker,sentiment,conviction_level,emotional_intensity,fear_vs_greed,certainty_of_forecast,time_horizon,argument_logic,tone_profile,company_fundamentals,technical_chart,suggested_action_aggression
NVDA IS ABSOLUTELY DONE. INFLATED BUBBLE COMING TO CRASH SO HARD. IF YOU AREN'T SHORTING THIS RIGHT NOW YOU HATE MONEY. LIQUIDATING MY ENTIRE PORTFOLIO TUESDAY.,1767345200,412,0.68,NVDA,-3,4,4,-2,4,1,0,2,-2,-2,3
"I cannot begin to express how much I regret holding onto Tesla. The fundamentals have completely deteriorated, management is totally distracted, and the guidance was an absolute disaster. Selling at a massive loss tomorrow.",1769210400,85,0.74,TSLA,-2,3,3,-1,3,0,2,0,-2,-1,2
bro i lost literally everything on this tech giant... thought 120 was the floor but it just keeps drilling into the center of the earth. actually sick to my stomach,1771194800,142,0.91,NONE,-2,3,4,-1,0,-1,0,-1,-1,-2,0
"The latest hardware cycle confirms my worst fears about $AAPL. Stagnant innovation, contracting margins, and regulatory headwinds in Europe make this a strong sell. I expect a 20% correction before we find a true bottom.",1768456000,29,0.55,AAPL,-2,3,2,-1,3,1,2,0,-1,-1,2
omg microsoft is tanking so fast wtf is happening should i panic sell right now?? it just broke through the 200 day moving average im down 40% im literally crying rn,1770395000,-12,0.41,MSFT,-2,3,4,-2,1,0,0,2,-1,-2,3
"Imagine still holding $AMC in 2026 lmao. Itâ€™s a literal burning dumpster fire. Complete bankruptcy imminent, diluting shareholders to zero. Get out while you still have pennies left.",1772101200,530,0.88,AMC,-3,4,3,-2,3,2,1,2,-2,-2,2
This EV startup is a total fraud. Production numbers are completely fabricated and they're going to run out of cash by next quarter. SEC needs to step in immediately.,1767851600,64,0.79,NONE,-2,3,2,-1,2,1,1,0,-2,0,2
"Intel is a value trap of historic proportions. Decades of dominance completely squandered. There is zero turnaround story here, just a slow bleed into irrelevance.",1770137200,189,0.83,INTC,-2,3,2,-1,3,2,2,0,-2,-1,2
"Unbelievable. $BABA manages to disappoint yet again. Every single bounce is just a trap for bulls. Iâ€™m cutting the cord, this stock is dead money forever.",1771922800,43,0.71,BABA,-2,3,3,-1,3,-1,1,-1,-1,-2,2
"completely nuked my biggest position today. absolute garbage stock, fake hype, zero revenue. sick of the pump and dumps on this sub.",1768908400,22,0.64,NONE,-2,3,4,-1,2,-1,0,-1,-2,-1,2
"I'm reducing my exposure to $AMD here. The valuation feels incredibly stretched relative to their actual market share gains, and macro headwinds are starting to bite.",1770542000,15,0.58,AMD,-2,3,1,-1,2,1,2,0,-1,-1,2
amazon Web services growth is slowing down way faster than people think. retail side is fine but the high margin stuff is hurting. wouldn't buy here.,1767512400,8,0.52,AMZN,-2,3,1,-1,2,1,2,0,-1,0,1
The debt load on this legacy automaker is getting scary with interest rates staying this high. I'd stay far away until they clean up their balance sheet.,1771415200,34,0.77,NONE,-2,3,1,-1,2,2,2,0,-1,0,0
"Every time crypto rallies, $COIN finds a way to screw it up with tech outages or regulatory lawsuits. So frustrating to hold this junk.",1768150800,91,0.85,COIN,-2,3,3,-1,2,-1,0,-1,-1,-1,0
Netflix is losing the streaming wars content-wise. Price hikes can only sustain revenue for so long before mass cancellations start. Puts all day.,1769936400,19,0.61,NFLX,-2,3,1,-1,2,1,2,0,-1,0,2
 bearish divergence on the weekly chart for $META. MACD just crossed over negative. Iâ€™m expecting a retest of lower support levels soon.,1771822000,7,0.54,META,-2,3,0,-1,2,1,2,0,0,-1,2
"I took my profits. The leading AI play is getting way ahead of itself, reminiscent of the dot-com era. The downside risk heavily outweighs the upside here.",1768807600,113,0.69,NONE,-2,3,1,-1,2,1,2,0,-1,-1,2
"Disney just can't catch a break. Box office flops, declining linear TV assets, and massive streaming costs. Itâ€™s a sell until management changes course.",1770693200,55,0.73,DIS,-2,3,1,-1,2,1,2,0,-1,-1,2
"Man, $GME is just painful now. The hype is completely dead and the volume is nonexistent. Just a slow bleed back to single digits.",1767678800,204,0.8,GME,-2,3,2,-1,2,1,2,0,-1,-2,1
"Google's search monopoly is slowly cracking and their AI response is clunky. Not a catastrophic short, but definitely a stock to avoid right now.",1771564400,31,0.59,GOOGL,-2,3,1,-1,2,1,2,0,-1,-1,2
Holding $DIS here. Earnings were a mixed bagâ€”parks are doing well but media streaming is still a question mark. Fairly valued at these levels.,1768350000,12,0.6,DIS,1,2,0,0,2,2,2,0,0,0,0
apple is just apple lol. it's not going to double tomorrow but it's not going to zero either. just a boring stock for a rainy day portfolio.,1770235600,88,0.87,AAPL,0,1,1,0,1,2,2,0,0,0,0
Anyone watching the earnings call for this chip maker tomorrow? Expecting flat guidance honestly. Might sell some covered calls to harvest premium.,1772221200,4,0.51,NONE,0,2,1,0,2,0,2,0,0,0,1
"Added a tiny bit to my $GOOGL position today during the dip, but keeping plenty of cash on the sidelines. Market feels a bit choppy overall.",1769106800,19,0.67,GOOGL,1,2,1,0,1,-1,2,0,0,0,1
Don't care about the stock price of Exxon as long as that dividend check keeps clearing every quarter. Just a pure income play for me.,1770992400,45,0.78,XOM,1,2,0,1,2,2,2,0,1,0,0
"JPM is the ultimate bellwether. If the economy slows, it drops. If we soft land, it ticks up. Pretty much tracking the S&P 500 perfectly right now.",1767978000,26,0.7,JPM,1,2,1,0,2,1,2,0,0,0,0
"Implied volatility is too high to buy straight calls here, but I don't want to short the underlying stock either. Just iron condors for me this week.",1771663600,51,0.82,NONE,0,2,1,0,2,1,3,0,0,0,2
"Starbucks lines look a bit shorter in my neighborhood lately, but macro data says consumer spending is steady. Hard to read this one right now.",1768649200,3,0.53,NONE,0,1,0,0,1,-1,0,0,0,0,0
"The meme days of $PLTR are over. It's transition into an actual enterprise software company. Slow, steady growth, but the hyper-hype is gone.",1770434800,14,0.56,PLTR,1,2,0,-1,2,2,2,0,1,0,0
"Meh, this retail giant is a hold. Good defensive moat but zero catalysts for a massive breakout anytime soon.",1772120400,8,0.55,NONE,0,2,1,0,2,2,2,0,0,0,0
"Never bet against $MSFT. Their enterprise cloud ecosystem is stickier than superglue, and the monetization of Copilot is just getting started. Easy buy.",1769306000,167,0.84,MSFT,2,3,1,1,2,2,2,0,2,0,2
Nvidia's data center revenue is going to surprise everyone on the upside again. The demand for Blackwell chips is totally unprecedented. Loading up.,1771091600,289,0.79,NVDA,2,3,2,1,3,1,2,0,2,1,2
The architecture behind this cybersec firm is miles ahead of CrowdStrike. They just secured three major government contracts. Highly undervalued imo.,1768277200,42,0.71,NONE,2,3,1,1,2,-1,2,0,2,0,2
prime day numbers are looking huge this year and aws seems to be accelerating again. $AMZN under 200 is a gift honestly,1770062800,95,0.89,AMZN,2,2,1,1,2,1,2,0,1,1,2
Costco is the ultimate sleep-at-night stock. Membership renewal rates are at an all-time high and they have a fortress balance sheet. Great buy-and-hold.,1771848400,312,0.93,COST,2,3,1,1,2,2,2,0,2,0,1
Nice breakout on $TSLA above the 50 DMA on heavy volume. Looks like the shorts are starting to cover. Target $250 by the end of the month!,1768734000,154,0.66,TSLA,2,3,1,1,2,1,2,0,0,2,2
Phase 2 data for this biotech company's new weight loss drug looked incredibly promising. Risk-reward ratio here is fantastic for a long position.,1770519600,78,0.81,NONE,2,3,1,1,2,2,2,0,2,0,2
Walmart is eating target's lunch right now. Their digital marketplace strategy is finally paying off. Solid inflation hedge with upside.,1772205200,63,0.76,WMT,2,3,1,1,2,2,2,0,2,0,1
I think $SQ is finally turning the corner. Block's cost-cutting measures are working and Gross Profit growth is back in the double digits. Underrated.,1769490800,24,0.69,SQ,2,2,1,1,2,1,2,0,1,0,1
im seeing a lot of strong macro tailwinds for my favorite e-comm play. earnings are gonna crush it next week mark my words,1771276400,19,0.64,NONE,2,3,1,1,2,1,1,0,1,0,2
LOAD THE BOAT GENTS ðŸš€ðŸš€ NVDA TO THE MOON! 150 IS IMMINENT AND IF YOU AREN'T BUYING THE DIP YOU ARE LITERALLY INSANE. EPS BEAT WILL BE MASSIVE!!,1767762000,1420,0.72,NVDA,3,4,4,2,2,1,0,2,2,2,3
"ADVANCED MICRO DEVICES IS ABSOLUTELY STEALING INTEL'S LUNCH. DATA CENTER GROWTH IS EXPONENTIAL. I AM ALL IN, LEVERAGED UP TO THE GILLS ON CALLS.",1769547600,582,0.78,AMD,2,3,3,1,3,1,2,0,2,1,3
HOLY SHIT this e-commerce beast just blew earnings completely out of the water!!! guidance raised across the board!! we are going to be rich asymmetric upside baby!!!,1771333200,894,0.85,NONE,3,3,4,2,3,1,1,2,2,0,3
The integration of localized AI into the ecosystem makes $AAPL an absolute secular growth monster for the next decade. Upgrading my price target significantly.,1768118800,421,0.81,AAPL,3,3,2,1,3,3,2,0,2,0,2
Meta Platforms is a cash-printing machine. Free cash flow is utterly ridiculous and the stock buyback program is massive. Cheapest mega-cap tech stock by a mile.,1769804400,633,0.89,META,2,3,1,1,2,2,2,0,2,0,1
There is literally no stopping $LLY. Mounjaro and Zepbound are the most revolutionary drugs of our generation. Easily the first $1 Trillion pharma company.,1771590000,395,0.86,LLY,3,3,2,1,3,2,2,0,2,1,2
"Given the current global landscape, this defense stock is going to double over the next 18 months. Backlog of orders is insane. Absolute screaming buy.",1768975600,211,0.79,NONE,2,3,2,1,2,2,2,0,2,1,2
Palantir AIP is literally revolutionizing corporate America. The enterprise conversion rate is 100%. If you don't own this stock you don't understand the future.,1770761200,745,0.64,PLTR,3,4,3,2,4,2,1,2,2,1,3
International expansion for $CELH hasn't even factored into the price yet. Pepsi distribution network is firing on all cylinders. This is a 10x bagger.,1767446800,132,0.73,CELH,2,3,2,1,2,2,2,0,2,0,3
"This small cap is a literal goldmine hiding in plain sight. Trading at 4x forward EV/EBITDA with 40% organic growth. I've accumulated 10k shares, let's fly.",1771132400,308,0.88,NONE,2,3,2,1,2,1,2,0,2,0,2
this garbage company is going straight to zero. absolute scam management and the product doesn't even work. retail getting rugged again.,1768411200,-45,0.22,NONE,-2,3,3,-1,2,1,0,-1,-2,-1,2
"You guys are delusional if you think $PTON recovers. Look at the balance sheet, it is structural decay. Zero institutional buyers are touching this.",1770119000,-18,0.38,PTON,-2,3,1,-1,2,-1,2,0,-1,-1,2
Who the hell is still buying this meme stock at these levels? Insiders have been dumping millions of shares all week. Get ready to hold the heaviest bags of your life.,1771995000,-5,0.44,NONE,-2,3,3,-1,2,1,1,-1,-1,-1,0
Classic pump and dump. The hype train on this AI startup completely ran out of fuel. Down 15% today and honestly it deserves to drop another 50%.,1767623100,-81,0.15,NONE,-2,3,2,-1,2,0,1,0,-1,-2,2
"Every single time this sub tells me to buy an options chain it gets utterly incinerated. RIP to my premium, $DJT is an absolute trap.",1769411100,-3,0.48,DJT,-2,3,3,-1,2,-1,0,-1,-1,-1,0
The macro data completely ruins the thesis for this sector. High yields are going to squeeze their margins into nonexistence. Definite short.,1771233400,12,0.54,NONE,-2,3,1,-1,3,1,2,0,-1,-1,2
Honestly just depressing looking at my portfolio. This EV play wiped out three years of steady index fund gains in a single month.,1768112200,198,0.95,NONE,-2,2,3,-1,0,-1,0,0,-1,-1,0
"Can we talk about the massive accounting discrepancy in the 10-Q report for this tech firm? Red flags everywhere, I am exiting the entire position.",1769994500,57,0.81,NONE,-2,3,2,-1,2,-1,2,0,-2,0,2
ROKU is dead in the water. Hardware is commoditized and ad market spending is shifting directly to major ecosystems. Do not buy the dip.,1771789000,-32,0.31,ROKU,-2,3,1,-1,2,2,2,0,-1,-1,2
The CEO is literally shifting blame to macroeconomic conditions instead of admitting their product roadmap completely failed. Disastrous call.,1768612000,145,0.89,NONE,-2,3,2,-1,2,-1,1,0,-1,0,1
Is anybody else noticing the weird volume spikes on the ask side? Feels like a massive institutional distribution phase. I'm sitting on cash.,1770295000,28,0.65,NONE,-1,2,1,-1,2,-1,1,0,0,-1,1
It's a completely flat day. This stock hasn't moved more than 0.5% in either direction for two weeks. Absolute theta decay hell.,1772184000,11,0.58,NONE,-1,2,1,-1,1,-1,0,0,0,-1,0
I'm content with just clipping the 6% yield on this utility company. It's not flashy but it keeps me protected while the broader indices look incredibly frothy.,1767912000,42,0.79,NONE,1,2,0,-1,2,2,2,0,1,0,0
Are we expecting a volatility crush after the federal reserve announcement tomorrow? Might execute a strangle on the index just in case.,1769584000,6,0.52,NONE,0,2,1,0,2,0,2,0,0,0,2
"Just automated a DCA strategy for $GOOGL. Don't really care about day to day noise, checking back in a couple of years.",1771421000,88,0.86,GOOGL,1,2,0,0,2,3,2,0,1,0,1
"This medical device maker has a decent moat, but their execution has been painfully mediocre. Hard to feel strongly either way here.",1768399000,2,0.5,NONE,0,1,0,0,1,-1,2,0,0,0,0
Closed out my position for a scratch. The opportunity cost of holding this stagnant software provider is just too high right now.,1770188000,-1,0.47,NONE,-1,2,0,-1,2,-1,2,0,-1,0,1
Interesting technical setup on the 4-hour chart for $INTC. Consolidation pattern could break either way. Waiting for a confirmation signal.,1772099000,19,0.61,INTC,0,2,0,0,1,1,3,0,0,0,0
The valuation on this logistics provider seems entirely fair. Revenue metrics perfectly match historical trailing averages. Safe but boring hold.,1767595000,5,0.53,NONE,0,2,1,0,2,-1,3,0,0,0,0
Does anyone know when the lockup period expires for this newly listed fintech? Can't find a reliable date on the investor relations portal.,1769399000,14,0.7,NONE,0,1,0,0,0,-1,0,0,0,0,0
"Target's e-commerce numbers are looking surprisingly resilient. If they can clean up inventory drag by next quarter, this stock easily clears 180.",1771191000,55,0.76,TGT,2,2,1,1,2,2,2,0,1,0,2
Super clean balance sheet on this insurance conglomerate. Book value per share is steadily rising. Added a small tranche to my retirement account.,1768012000,39,0.82,NONE,2,1,0,1,2,3,2,0,2,0,0
"This cybersecurity play is quietly winning massive enterprise deals. Nobody on this sub talks about them because they aren't flashy, but the metrics don't lie.",1769894000,124,0.88,NONE,2,2,1,1,2,-1,2,0,2,0,1
"$CRM guidance wasn't amazing but the margin expansion story is completely intact. Software isn't dead, it's just transitioning to value. Buying.",1771695000,73,0.79,CRM,2,3,1,1,2,2,2,0,1,0,2
The market is totally discounting the monetization potential of this messaging app's enterprise API layers. Total sleeper hit for the second half of the year.,1768822000,46,0.72,NONE,2,3,1,1,2,1,2,0,1,0,2
Steady accumulation pattern observed on $UBER over the past week. Major support levels are holding firm despite the broad market bleeding out.,1770622000,93,0.84,UBER,2,2,1,1,2,1,2,0,0,2,1
This infrastructure stock is an absolute cash machine and stands to benefit massively from the newly approved municipal development spending.,1772312000,110,0.91,NONE,2,3,2,1,2,2,2,0,2,0,2
Completely sold out of my puts and flipped long on $TSLA. The sentiment reached maximum capitulation and the risk-reward skew is heavily bullish here.,1767711000,162,0.69,TSLA,2,3,1,1,2,-1,2,0,0,1,2
Defensive consumer staples like this beverage giant are exactly where you want to rotate capital right now. High free cash flow yields keep you safe.,1769415000,27,0.75,NONE,2,2,1,1,2,2,2,0,1,0,2
"Just finished reading the white paper for this decentralized protocol's institutional layer. Scalability metrics are exceptional, loading a bag.",1771311000,38,0.66,NONE,2,2,1,1,2,-1,2,0,1,0,1
THIS IS THE BIGGEST BULL RUN OF OUR LIVES! $AMD CANNOT BE STOPPED! CHIPS ARE THE NEW OIL AND WE ARE ALL DROPPING RETIREMENT FUNDS INTO THIS!!,1767355000,2100,0.89,AMD,3,4,4,2,3,1,1,0,2,2,3
HOLY LUCK! Bought weekly OTM calls on this retail breakout right before the takeover rumor hit. Up 800% in six hours!!! Accounts looking beautiful!!!,1769155000,1450,0.94,NONE,3,2,4,2,1,0,0,2,0,0,3
Palantir is an absolute operational juggernaut. Commercial contract growth in the US alone is compounding at an insane clip. Generational wealth creator right here.,1770955000,890,0.83,PLTR,3,4,2,1,3,2,2,0,2,0,2
"The shorts are getting completely obliterated on $GME today!!! Massive short squeeze sequence initiated, do not get left behind on Earth lines!!!",1772295000,-92,0.35,GME,2,3,3,1,2,0,0,2,0,2,3
Easiest 10x opportunity in the market right now. This genomics biotech startup just received absolute fast-track clearance from the FDA. Unbelievable milestone.,1767999000,420,0.78,NONE,3,4,3,2,3,1,1,0,2,0,3
"Meta Platforms is dominating every single metric that matters. Ad impressions are up, compute costs are dropping, and the efficiency year is paying dividends.",1769699000,670,0.91,META,2,3,1,1,2,2,2,0,2,0,1
This clean energy small-cap is a generational play. Patent portfolio alone is worth triple the current enterprise value. I'm leveraging up completely.,1771599000,310,0.74,NONE,2,3,2,1,3,2,1,0,1,0,3
NETFLIX EARNINGS ARE GOING TO GOD MODE BEAT OUT ALL THE DOUBTERS!! STREAMING DOMINANCE IS UTTERLY COMPLETE. DO NOT SELL YOUR SHARES!!,1768599000,-22,0.42,NFLX,2,3,3,1,3,1,1,0,1,1,2
Absolute monster breakout on $AMZN today. Cleared historical resistance with massive conviction. Institutional block orders flowing heavily. Next stop is Uranus.,1770399000,1150,0.87,AMZN,2,3,2,1,2,0,2,0,1,2,2
This software suite is completely eating the enterprise landscape. Net revenue retention is at 140%. Literally a legal money printing machine.,1772199000,530,0.85,NONE,2,3,2,1,2,-1,2,0,2,0,2
woke up to find out this absolute clown show of a company failed its phase 3 trial. down 75% premarket. my entire life savings completely wiped.,1767299000,841,0.96,NONE,-2,3,4,-1,2,-1,0,-1,-2,-2,0
Can we permanently ban anyone pumping $WISH on this sub? It's a complete zombie company bleeding cash. Anyone buying this deserves to lose it all.,1769099000,412,0.92,WISH,-2,3,3,-1,2,-1,0,-1,-2,-1,0
"$NKLA is a literal crime scene. How the founders aren't all in prison yet is beyond me. Total fraud, absolute zero valuation coming rapidly.",1770899000,322,0.89,NKLA,-3,4,4,-2,3,1,0,-1,-2,-2,3
"I cannot believe I fell for the hype on this streaming device maker. Another brutal earnings breakdown, guidance sliced in half. Completely capitulating today.",1772345000,55,0.7,NONE,-2,3,2,-1,2,0,1,0,-1,-1,0
This legacy retail brick and mortar is a complete disaster. Digital strategy is nonexistent and debt covenants are breaking next week. Clear bankruptcy threat.,1767499000,120,0.81,NONE,-2,3,2,-1,3,1,2,0,-2,-1,2
Stop telling people to buy the dip on $SNOW. The multiple is still completely insane and corporate cloud optimization is slashing their usage metrics.,1769299000,-14,0.45,SNOW,-2,3,1,-1,2,1,2,0,-1,-1,2
This regional banking stock is going into a structural death spiral. Commercial real estate loan exposure is a ticking time bomb. Get out now.,1771099000,194,0.87,NONE,-2,3,2,-1,2,1,2,0,-1,-1,2
Every single bounce on this semiconductor play is a gift to short sellers. Market share is evaporating and their fabrication delays are catastrophic.,1768299000,44,0.65,NONE,-2,3,2,-1,2,1,2,0,-1,-1,2
$PYPL is an absolute value trap. Apple Pay and tap-to-pay networks have completely demolished their consumer checkout market share. Dead stock walking.,1770099000,260,0.78,PYPL,-2,3,2,-1,3,2,2,0,-1,-1,2
This solar provider is completely uninvestable. Slashed installation guidance by 40% due to shifting regulatory frameworks. Absolute garbage sector.,1771899000,67,0.74,NONE,-2,3,2,-1,2,1,2,0,-1,-1,2
